[
	{
		"artifactId": "kotlin-stdlib",
		"groupId": "org.jetbrains.kotlin",
		"scope": "compile",
		"versionName": "1.6.0"
	},
	{
		"artifactId": "appcompat",
		"groupId": "androidx.appcompat",
		"scope": "compile",
		"versionName": "1.7.0-alpha01"
	},
	{
		"artifactId": "material",
		"groupId": "com.google.android.material",
		"scope": "compile",
		"versionName": "1.8.0-rc01"
	},
	{
		"artifactId": "constraintlayout",
		"groupId": "androidx.constraintlayout",
		"scope": "compile",
		"versionName": "2.2.0-alpha05"
	}
]