<?xml version="1.0" encoding="UTF-8"?>
<root>
  <item name="android.os.storage.StorageManager ACTION_CLEAR_APP_CACHE">
    <annotation name="androidx.annotation.RequiresPermission">
      <val name="value" val="&quot;android.permission.MANAGE_EXTERNAL_STORAGE&quot;" />
    </annotation>
  </item>
  <item name="android.os.storage.StorageManager android.app.PendingIntent getManageSpaceActivityIntent(java.lang.String, int)">
    <annotation name="androidx.annotation.RequiresPermission">
      <val name="value" val="&quot;android.permission.MANAGE_EXTERNAL_STORAGE&quot;" />
    </annotation>
  </item>
  <item name="android.os.storage.StorageManager long getAllocatableBytes(java.util.UUID)">
    <annotation name="androidx.annotation.WorkerThread"/>
  </item>
  <item name="android.os.storage.StorageManager long getCacheQuotaBytes(java.util.UUID)">
    <annotation name="androidx.annotation.WorkerThread"/>
  </item>
  <item name="android.os.storage.StorageManager long getCacheSizeBytes(java.util.UUID)">
    <annotation name="androidx.annotation.WorkerThread"/>
  </item>
  <item name="android.os.storage.StorageManager void allocateBytes(java.io.FileDescriptor, long)">
    <annotation name="androidx.annotation.WorkerThread"/>
  </item>
  <item name="android.os.storage.StorageManager void allocateBytes(java.util.UUID, long)">
    <annotation name="androidx.annotation.WorkerThread"/>
  </item>
</root>

