<?xml version="1.0" encoding="UTF-8"?>
<root>
  <item name="android.telephony.ims.ImsException int getCode()">
    <annotation name="androidx.annotation.IntDef">
      <val name="value" val="{android.telephony.ims.ImsException.CODE_ERROR_UNSPECIFIED, android.telephony.ims.ImsException.CODE_ERROR_SERVICE_UNAVAILABLE, android.telephony.ims.ImsException.CODE_ERROR_UNSUPPORTED_OPERATION, android.telephony.ims.ImsException.CODE_ERROR_INVALID_SUBSCRIPTION}" />
    </annotation>
  </item>
  <item name="android.telephony.ims.ImsMmTelManager boolean isAdvancedCallingSettingEnabled()">
    <annotation name="androidx.annotation.RequiresPermission">
      <val name="anyOf" val="{&quot;android.permission.READ_PRIVILEGED_PHONE_STATE&quot;, &quot;android.permission.READ_PRECISE_PHONE_STATE&quot;}" />
    </annotation>
  </item>
  <item name="android.telephony.ims.ImsMmTelManager boolean isCrossSimCallingEnabled()">
    <annotation name="androidx.annotation.RequiresPermission">
      <val name="anyOf" val="{&quot;android.permission.READ_PRIVILEGED_PHONE_STATE&quot;, &quot;android.permission.READ_PRECISE_PHONE_STATE&quot;}" />
    </annotation>
  </item>
  <item name="android.telephony.ims.ImsMmTelManager boolean isTtyOverVolteEnabled()">
    <annotation name="androidx.annotation.RequiresPermission">
      <val name="anyOf" val="{&quot;android.permission.READ_PRIVILEGED_PHONE_STATE&quot;, &quot;android.permission.READ_PRECISE_PHONE_STATE&quot;}" />
    </annotation>
  </item>
  <item name="android.telephony.ims.ImsMmTelManager boolean isVoWiFiRoamingSettingEnabled()">
    <annotation name="androidx.annotation.RequiresPermission">
      <val name="anyOf" val="{&quot;android.permission.READ_PRIVILEGED_PHONE_STATE&quot;, &quot;android.permission.READ_PRECISE_PHONE_STATE&quot;}" />
    </annotation>
  </item>
  <item name="android.telephony.ims.ImsMmTelManager boolean isVoWiFiSettingEnabled()">
    <annotation name="androidx.annotation.RequiresPermission">
      <val name="anyOf" val="{&quot;android.permission.READ_PRIVILEGED_PHONE_STATE&quot;, &quot;android.permission.READ_PRECISE_PHONE_STATE&quot;}" />
    </annotation>
  </item>
  <item name="android.telephony.ims.ImsMmTelManager boolean isVtSettingEnabled()">
    <annotation name="androidx.annotation.RequiresPermission">
      <val name="anyOf" val="{&quot;android.permission.READ_PRIVILEGED_PHONE_STATE&quot;, &quot;android.permission.READ_PRECISE_PHONE_STATE&quot;}" />
    </annotation>
  </item>
  <item name="android.telephony.ims.ImsMmTelManager int getVoWiFiModeSetting()">
    <annotation name="androidx.annotation.RequiresPermission">
      <val name="anyOf" val="{&quot;android.permission.READ_PRIVILEGED_PHONE_STATE&quot;, &quot;android.permission.READ_PRECISE_PHONE_STATE&quot;}" />
    </annotation>
    <annotation name="androidx.annotation.IntDef">
      <val name="value" val="{android.telephony.ims.ImsMmTelManager.WIFI_MODE_WIFI_ONLY, android.telephony.ims.ImsMmTelManager.WIFI_MODE_CELLULAR_PREFERRED, android.telephony.ims.ImsMmTelManager.WIFI_MODE_WIFI_PREFERRED}" />
    </annotation>
  </item>
  <item name="android.telephony.ims.ImsMmTelManager void getRegistrationTransportType(java.util.concurrent.Executor, java.util.function.Consumer<java.lang.Integer>)">
    <annotation name="androidx.annotation.RequiresPermission">
      <val name="anyOf" val="{&quot;android.permission.READ_PRIVILEGED_PHONE_STATE&quot;, &quot;android.permission.READ_PRECISE_PHONE_STATE&quot;}" />
    </annotation>
  </item>
  <item name="android.telephony.ims.ImsMmTelManager void getRegistrationTransportType(java.util.concurrent.Executor, java.util.function.Consumer<java.lang.Integer>) 1">
    <annotation name="androidx.annotation.IntDef">
      <val name="value" val="{android.telephony.AccessNetworkConstants.TRANSPORT_TYPE_WWAN, android.telephony.AccessNetworkConstants.TRANSPORT_TYPE_WLAN}" />
    </annotation>
  </item>
  <item name="android.telephony.ims.ImsMmTelManager void registerImsRegistrationCallback(java.util.concurrent.Executor, android.telephony.ims.RegistrationManager.RegistrationCallback)">
    <annotation name="androidx.annotation.RequiresPermission">
      <val name="anyOf" val="{&quot;android.permission.READ_PRIVILEGED_PHONE_STATE&quot;, &quot;android.permission.READ_PRECISE_PHONE_STATE&quot;}" />
    </annotation>
  </item>
  <item name="android.telephony.ims.ImsMmTelManager void registerMmTelCapabilityCallback(java.util.concurrent.Executor, android.telephony.ims.ImsMmTelManager.CapabilityCallback)">
    <annotation name="androidx.annotation.RequiresPermission">
      <val name="anyOf" val="{&quot;android.permission.READ_PRIVILEGED_PHONE_STATE&quot;, &quot;android.permission.READ_PRECISE_PHONE_STATE&quot;}" />
    </annotation>
  </item>
  <item name="android.telephony.ims.ImsMmTelManager void unregisterImsRegistrationCallback(android.telephony.ims.RegistrationManager.RegistrationCallback)">
    <annotation name="androidx.annotation.RequiresPermission">
      <val name="anyOf" val="{&quot;android.permission.READ_PRIVILEGED_PHONE_STATE&quot;, &quot;android.permission.READ_PRECISE_PHONE_STATE&quot;}" />
    </annotation>
  </item>
  <item name="android.telephony.ims.ImsMmTelManager void unregisterMmTelCapabilityCallback(android.telephony.ims.ImsMmTelManager.CapabilityCallback)">
    <annotation name="androidx.annotation.RequiresPermission">
      <val name="anyOf" val="{&quot;android.permission.READ_PRIVILEGED_PHONE_STATE&quot;, &quot;android.permission.READ_PRECISE_PHONE_STATE&quot;}" />
    </annotation>
  </item>
  <item name="android.telephony.ims.ImsRcsManager void getRegistrationState(java.util.concurrent.Executor, java.util.function.Consumer<java.lang.Integer>)">
    <annotation name="androidx.annotation.RequiresPermission">
      <val name="value" val="&quot;android.permission.READ_PRECISE_PHONE_STATE&quot;" />
    </annotation>
  </item>
  <item name="android.telephony.ims.ImsRcsManager void getRegistrationState(java.util.concurrent.Executor, java.util.function.Consumer<java.lang.Integer>) 1">
    <annotation name="androidx.annotation.IntDef">
      <val name="value" val="{android.telephony.ims.RegistrationManager.REGISTRATION_STATE_NOT_REGISTERED, android.telephony.ims.RegistrationManager.REGISTRATION_STATE_REGISTERING, android.telephony.ims.RegistrationManager.REGISTRATION_STATE_REGISTERED}" />
    </annotation>
  </item>
  <item name="android.telephony.ims.ImsRcsManager void getRegistrationTransportType(java.util.concurrent.Executor, java.util.function.Consumer<java.lang.Integer>)">
    <annotation name="androidx.annotation.RequiresPermission">
      <val name="value" val="&quot;android.permission.READ_PRECISE_PHONE_STATE&quot;" />
    </annotation>
  </item>
  <item name="android.telephony.ims.ImsRcsManager void getRegistrationTransportType(java.util.concurrent.Executor, java.util.function.Consumer<java.lang.Integer>) 1">
    <annotation name="androidx.annotation.IntDef">
      <val name="value" val="{android.telephony.AccessNetworkConstants.TRANSPORT_TYPE_WWAN, android.telephony.AccessNetworkConstants.TRANSPORT_TYPE_WLAN}" />
    </annotation>
  </item>
  <item name="android.telephony.ims.ImsRcsManager void registerImsRegistrationCallback(java.util.concurrent.Executor, android.telephony.ims.RegistrationManager.RegistrationCallback)">
    <annotation name="androidx.annotation.RequiresPermission">
      <val name="value" val="&quot;android.permission.READ_PRECISE_PHONE_STATE&quot;" />
    </annotation>
  </item>
  <item name="android.telephony.ims.ImsRcsManager void unregisterImsRegistrationCallback(android.telephony.ims.RegistrationManager.RegistrationCallback)">
    <annotation name="androidx.annotation.RequiresPermission">
      <val name="value" val="&quot;android.permission.READ_PRECISE_PHONE_STATE&quot;" />
    </annotation>
  </item>
  <item name="android.telephony.ims.ImsReasonInfo ImsReasonInfo(int, int, java.lang.String) 0">
    <annotation name="androidx.annotation.IntDef">
      <val name="value" val="{android.telephony.ims.ImsReasonInfo.CODE_UNSPECIFIED, android.telephony.ims.ImsReasonInfo.CODE_LOCAL_ILLEGAL_ARGUMENT, android.telephony.ims.ImsReasonInfo.CODE_LOCAL_ILLEGAL_STATE, android.telephony.ims.ImsReasonInfo.CODE_LOCAL_INTERNAL_ERROR, android.telephony.ims.ImsReasonInfo.CODE_LOCAL_IMS_SERVICE_DOWN, android.telephony.ims.ImsReasonInfo.CODE_LOCAL_NO_PENDING_CALL, android.telephony.ims.ImsReasonInfo.CODE_LOCAL_ENDED_BY_CONFERENCE_MERGE, android.telephony.ims.ImsReasonInfo.CODE_LOCAL_POWER_OFF, android.telephony.ims.ImsReasonInfo.CODE_LOCAL_LOW_BATTERY, android.telephony.ims.ImsReasonInfo.CODE_LOCAL_NETWORK_NO_SERVICE, android.telephony.ims.ImsReasonInfo.CODE_LOCAL_NETWORK_NO_LTE_COVERAGE, android.telephony.ims.ImsReasonInfo.CODE_LOCAL_NETWORK_ROAMING, android.telephony.ims.ImsReasonInfo.CODE_LOCAL_NETWORK_IP_CHANGED, android.telephony.ims.ImsReasonInfo.CODE_LOCAL_SERVICE_UNAVAILABLE, android.telephony.ims.ImsReasonInfo.CODE_LOCAL_NOT_REGISTERED, android.telephony.ims.ImsReasonInfo.CODE_LOCAL_CALL_EXCEEDED, android.telephony.ims.ImsReasonInfo.CODE_LOCAL_CALL_BUSY, android.telephony.ims.ImsReasonInfo.CODE_LOCAL_CALL_DECLINE, android.telephony.ims.ImsReasonInfo.CODE_LOCAL_CALL_VCC_ON_PROGRESSING, android.telephony.ims.ImsReasonInfo.CODE_LOCAL_CALL_RESOURCE_RESERVATION_FAILED, android.telephony.ims.ImsReasonInfo.CODE_LOCAL_CALL_CS_RETRY_REQUIRED, android.telephony.ims.ImsReasonInfo.CODE_LOCAL_CALL_VOLTE_RETRY_REQUIRED, android.telephony.ims.ImsReasonInfo.CODE_LOCAL_CALL_TERMINATED, android.telephony.ims.ImsReasonInfo.CODE_LOCAL_HO_NOT_FEASIBLE, android.telephony.ims.ImsReasonInfo.CODE_TIMEOUT_1XX_WAITING, android.telephony.ims.ImsReasonInfo.CODE_TIMEOUT_NO_ANSWER, android.telephony.ims.ImsReasonInfo.CODE_TIMEOUT_NO_ANSWER_CALL_UPDATE, android.telephony.ims.ImsReasonInfo.CODE_CALL_BARRED, android.telephony.ims.ImsReasonInfo.CODE_FDN_BLOCKED, android.telephony.ims.ImsReasonInfo.CODE_IMEI_NOT_ACCEPTED, android.telephony.ims.ImsReasonInfo.CODE_DIAL_MODIFIED_TO_USSD, android.telephony.ims.ImsReasonInfo.CODE_DIAL_MODIFIED_TO_SS, android.telephony.ims.ImsReasonInfo.CODE_DIAL_MODIFIED_TO_DIAL, android.telephony.ims.ImsReasonInfo.CODE_DIAL_MODIFIED_TO_DIAL_VIDEO, android.telephony.ims.ImsReasonInfo.CODE_DIAL_VIDEO_MODIFIED_TO_DIAL, android.telephony.ims.ImsReasonInfo.CODE_DIAL_VIDEO_MODIFIED_TO_DIAL_VIDEO, android.telephony.ims.ImsReasonInfo.CODE_DIAL_VIDEO_MODIFIED_TO_SS, android.telephony.ims.ImsReasonInfo.CODE_DIAL_VIDEO_MODIFIED_TO_USSD, android.telephony.ims.ImsReasonInfo.CODE_SIP_REDIRECTED, android.telephony.ims.ImsReasonInfo.CODE_SIP_BAD_REQUEST, android.telephony.ims.ImsReasonInfo.CODE_SIP_FORBIDDEN, android.telephony.ims.ImsReasonInfo.CODE_SIP_NOT_FOUND, android.telephony.ims.ImsReasonInfo.CODE_SIP_NOT_SUPPORTED, android.telephony.ims.ImsReasonInfo.CODE_SIP_REQUEST_TIMEOUT, android.telephony.ims.ImsReasonInfo.CODE_SIP_TEMPRARILY_UNAVAILABLE, android.telephony.ims.ImsReasonInfo.CODE_SIP_BAD_ADDRESS, android.telephony.ims.ImsReasonInfo.CODE_SIP_BUSY, android.telephony.ims.ImsReasonInfo.CODE_SIP_REQUEST_CANCELLED, android.telephony.ims.ImsReasonInfo.CODE_SIP_NOT_ACCEPTABLE, android.telephony.ims.ImsReasonInfo.CODE_SIP_NOT_REACHABLE, android.telephony.ims.ImsReasonInfo.CODE_SIP_CLIENT_ERROR, android.telephony.ims.ImsReasonInfo.CODE_SIP_TRANSACTION_DOES_NOT_EXIST, android.telephony.ims.ImsReasonInfo.CODE_SIP_SERVER_INTERNAL_ERROR, android.telephony.ims.ImsReasonInfo.CODE_SIP_SERVICE_UNAVAILABLE, android.telephony.ims.ImsReasonInfo.CODE_SIP_SERVER_TIMEOUT, android.telephony.ims.ImsReasonInfo.CODE_SIP_SERVER_ERROR, android.telephony.ims.ImsReasonInfo.CODE_SIP_USER_REJECTED, android.telephony.ims.ImsReasonInfo.CODE_SIP_GLOBAL_ERROR, android.telephony.ims.ImsReasonInfo.CODE_EMERGENCY_TEMP_FAILURE, android.telephony.ims.ImsReasonInfo.CODE_EMERGENCY_PERM_FAILURE, android.telephony.ims.ImsReasonInfo.CODE_SIP_USER_MARKED_UNWANTED, android.telephony.ims.ImsReasonInfo.CODE_SIP_METHOD_NOT_ALLOWED, android.telephony.ims.ImsReasonInfo.CODE_SIP_PROXY_AUTHENTICATION_REQUIRED, android.telephony.ims.ImsReasonInfo.CODE_SIP_REQUEST_ENTITY_TOO_LARGE, android.telephony.ims.ImsReasonInfo.CODE_SIP_REQUEST_URI_TOO_LARGE, android.telephony.ims.ImsReasonInfo.CODE_SIP_EXTENSION_REQUIRED, android.telephony.ims.ImsReasonInfo.CODE_SIP_INTERVAL_TOO_BRIEF, android.telephony.ims.ImsReasonInfo.CODE_SIP_CALL_OR_TRANS_DOES_NOT_EXIST, android.telephony.ims.ImsReasonInfo.CODE_SIP_LOOP_DETECTED, android.telephony.ims.ImsReasonInfo.CODE_SIP_TOO_MANY_HOPS, android.telephony.ims.ImsReasonInfo.CODE_SIP_AMBIGUOUS, android.telephony.ims.ImsReasonInfo.CODE_SIP_REQUEST_PENDING, android.telephony.ims.ImsReasonInfo.CODE_SIP_UNDECIPHERABLE, android.telephony.ims.ImsReasonInfo.CODE_MEDIA_INIT_FAILED, android.telephony.ims.ImsReasonInfo.CODE_MEDIA_NO_DATA, android.telephony.ims.ImsReasonInfo.CODE_MEDIA_NOT_ACCEPTABLE, android.telephony.ims.ImsReasonInfo.CODE_MEDIA_UNSPECIFIED, android.telephony.ims.ImsReasonInfo.CODE_USER_TERMINATED, android.telephony.ims.ImsReasonInfo.CODE_USER_NOANSWER, android.telephony.ims.ImsReasonInfo.CODE_USER_IGNORE, android.telephony.ims.ImsReasonInfo.CODE_USER_DECLINE, android.telephony.ims.ImsReasonInfo.CODE_LOW_BATTERY, android.telephony.ims.ImsReasonInfo.CODE_BLACKLISTED_CALL_ID, android.telephony.ims.ImsReasonInfo.CODE_USER_TERMINATED_BY_REMOTE, android.telephony.ims.ImsReasonInfo.CODE_USER_REJECTED_SESSION_MODIFICATION, android.telephony.ims.ImsReasonInfo.CODE_USER_CANCELLED_SESSION_MODIFICATION, android.telephony.ims.ImsReasonInfo.CODE_SESSION_MODIFICATION_FAILED, android.telephony.ims.ImsReasonInfo.CODE_UT_NOT_SUPPORTED, android.telephony.ims.ImsReasonInfo.CODE_UT_SERVICE_UNAVAILABLE, android.telephony.ims.ImsReasonInfo.CODE_UT_OPERATION_NOT_ALLOWED, android.telephony.ims.ImsReasonInfo.CODE_UT_NETWORK_ERROR, android.telephony.ims.ImsReasonInfo.CODE_UT_CB_PASSWORD_MISMATCH, android.telephony.ims.ImsReasonInfo.CODE_UT_SS_MODIFIED_TO_DIAL, android.telephony.ims.ImsReasonInfo.CODE_UT_SS_MODIFIED_TO_USSD, android.telephony.ims.ImsReasonInfo.CODE_UT_SS_MODIFIED_TO_SS, android.telephony.ims.ImsReasonInfo.CODE_UT_SS_MODIFIED_TO_DIAL_VIDEO, android.telephony.ims.ImsReasonInfo.CODE_ECBM_NOT_SUPPORTED, android.telephony.ims.ImsReasonInfo.CODE_MULTIENDPOINT_NOT_SUPPORTED, android.telephony.ims.ImsReasonInfo.CODE_REGISTRATION_ERROR, android.telephony.ims.ImsReasonInfo.CODE_ANSWERED_ELSEWHERE, android.telephony.ims.ImsReasonInfo.CODE_CALL_PULL_OUT_OF_SYNC, android.telephony.ims.ImsReasonInfo.CODE_CALL_END_CAUSE_CALL_PULL, android.telephony.ims.ImsReasonInfo.CODE_CALL_DROP_IWLAN_TO_LTE_UNAVAILABLE, android.telephony.ims.ImsReasonInfo.CODE_REJECTED_ELSEWHERE, android.telephony.ims.ImsReasonInfo.CODE_SUPP_SVC_FAILED, android.telephony.ims.ImsReasonInfo.CODE_SUPP_SVC_CANCELLED, android.telephony.ims.ImsReasonInfo.CODE_SUPP_SVC_REINVITE_COLLISION, android.telephony.ims.ImsReasonInfo.CODE_IWLAN_DPD_FAILURE, android.telephony.ims.ImsReasonInfo.CODE_EPDG_TUNNEL_ESTABLISH_FAILURE, android.telephony.ims.ImsReasonInfo.CODE_EPDG_TUNNEL_REKEY_FAILURE, android.telephony.ims.ImsReasonInfo.CODE_EPDG_TUNNEL_LOST_CONNECTION, android.telephony.ims.ImsReasonInfo.CODE_MAXIMUM_NUMBER_OF_CALLS_REACHED, android.telephony.ims.ImsReasonInfo.CODE_REMOTE_CALL_DECLINE, android.telephony.ims.ImsReasonInfo.CODE_DATA_LIMIT_REACHED, android.telephony.ims.ImsReasonInfo.CODE_DATA_DISABLED, android.telephony.ims.ImsReasonInfo.CODE_WIFI_LOST, android.telephony.ims.ImsReasonInfo.CODE_IKEV2_AUTH_FAILURE, android.telephony.ims.ImsReasonInfo.CODE_RADIO_OFF, android.telephony.ims.ImsReasonInfo.CODE_NO_VALID_SIM, android.telephony.ims.ImsReasonInfo.CODE_RADIO_INTERNAL_ERROR, android.telephony.ims.ImsReasonInfo.CODE_NETWORK_RESP_TIMEOUT, android.telephony.ims.ImsReasonInfo.CODE_NETWORK_REJECT, android.telephony.ims.ImsReasonInfo.CODE_RADIO_ACCESS_FAILURE, android.telephony.ims.ImsReasonInfo.CODE_RADIO_LINK_FAILURE, android.telephony.ims.ImsReasonInfo.CODE_RADIO_LINK_LOST, android.telephony.ims.ImsReasonInfo.CODE_RADIO_UPLINK_FAILURE, android.telephony.ims.ImsReasonInfo.CODE_RADIO_SETUP_FAILURE, android.telephony.ims.ImsReasonInfo.CODE_RADIO_RELEASE_NORMAL, android.telephony.ims.ImsReasonInfo.CODE_RADIO_RELEASE_ABNORMAL, android.telephony.ims.ImsReasonInfo.CODE_ACCESS_CLASS_BLOCKED, android.telephony.ims.ImsReasonInfo.CODE_NETWORK_DETACH, android.telephony.ims.ImsReasonInfo.CODE_SIP_ALTERNATE_EMERGENCY_CALL, android.telephony.ims.ImsReasonInfo.CODE_NO_CSFB_IN_CS_ROAM, android.telephony.ims.ImsReasonInfo.CODE_REJECT_UNKNOWN, android.telephony.ims.ImsReasonInfo.CODE_REJECT_ONGOING_CALL_WAITING_DISABLED, android.telephony.ims.ImsReasonInfo.CODE_REJECT_CALL_ON_OTHER_SUB, android.telephony.ims.ImsReasonInfo.CODE_REJECT_1X_COLLISION, android.telephony.ims.ImsReasonInfo.CODE_REJECT_SERVICE_NOT_REGISTERED, android.telephony.ims.ImsReasonInfo.CODE_REJECT_CALL_TYPE_NOT_ALLOWED, android.telephony.ims.ImsReasonInfo.CODE_REJECT_ONGOING_E911_CALL, android.telephony.ims.ImsReasonInfo.CODE_REJECT_ONGOING_CALL_SETUP, android.telephony.ims.ImsReasonInfo.CODE_REJECT_MAX_CALL_LIMIT_REACHED, android.telephony.ims.ImsReasonInfo.CODE_REJECT_UNSUPPORTED_SIP_HEADERS, android.telephony.ims.ImsReasonInfo.CODE_REJECT_UNSUPPORTED_SDP_HEADERS, android.telephony.ims.ImsReasonInfo.CODE_REJECT_ONGOING_CALL_TRANSFER, android.telephony.ims.ImsReasonInfo.CODE_REJECT_INTERNAL_ERROR, android.telephony.ims.ImsReasonInfo.CODE_REJECT_QOS_FAILURE, android.telephony.ims.ImsReasonInfo.CODE_REJECT_ONGOING_HANDOVER, android.telephony.ims.ImsReasonInfo.CODE_REJECT_VT_TTY_NOT_ALLOWED, android.telephony.ims.ImsReasonInfo.CODE_REJECT_ONGOING_CALL_UPGRADE, android.telephony.ims.ImsReasonInfo.CODE_REJECT_CONFERENCE_TTY_NOT_ALLOWED, android.telephony.ims.ImsReasonInfo.CODE_REJECT_ONGOING_CONFERENCE_CALL, android.telephony.ims.ImsReasonInfo.CODE_REJECT_VT_AVPF_NOT_ALLOWED, android.telephony.ims.ImsReasonInfo.CODE_REJECT_ONGOING_ENCRYPTED_CALL, android.telephony.ims.ImsReasonInfo.CODE_REJECT_ONGOING_CS_CALL, android.telephony.ims.ImsReasonInfo.CODE_NETWORK_CONGESTION, android.telephony.ims.ImsReasonInfo.CODE_OEM_CAUSE_1, android.telephony.ims.ImsReasonInfo.CODE_OEM_CAUSE_2, android.telephony.ims.ImsReasonInfo.CODE_OEM_CAUSE_3, android.telephony.ims.ImsReasonInfo.CODE_OEM_CAUSE_4, android.telephony.ims.ImsReasonInfo.CODE_OEM_CAUSE_5, android.telephony.ims.ImsReasonInfo.CODE_OEM_CAUSE_6, android.telephony.ims.ImsReasonInfo.CODE_OEM_CAUSE_7, android.telephony.ims.ImsReasonInfo.CODE_OEM_CAUSE_8, android.telephony.ims.ImsReasonInfo.CODE_OEM_CAUSE_9, android.telephony.ims.ImsReasonInfo.CODE_OEM_CAUSE_10, android.telephony.ims.ImsReasonInfo.CODE_OEM_CAUSE_11, android.telephony.ims.ImsReasonInfo.CODE_OEM_CAUSE_12, android.telephony.ims.ImsReasonInfo.CODE_OEM_CAUSE_13, android.telephony.ims.ImsReasonInfo.CODE_OEM_CAUSE_14, android.telephony.ims.ImsReasonInfo.CODE_OEM_CAUSE_15}" />
    </annotation>
  </item>
  <item name="android.telephony.ims.ImsReasonInfo int getCode()">
    <annotation name="androidx.annotation.IntDef">
      <val name="value" val="{android.telephony.ims.ImsReasonInfo.CODE_UNSPECIFIED, android.telephony.ims.ImsReasonInfo.CODE_LOCAL_ILLEGAL_ARGUMENT, android.telephony.ims.ImsReasonInfo.CODE_LOCAL_ILLEGAL_STATE, android.telephony.ims.ImsReasonInfo.CODE_LOCAL_INTERNAL_ERROR, android.telephony.ims.ImsReasonInfo.CODE_LOCAL_IMS_SERVICE_DOWN, android.telephony.ims.ImsReasonInfo.CODE_LOCAL_NO_PENDING_CALL, android.telephony.ims.ImsReasonInfo.CODE_LOCAL_ENDED_BY_CONFERENCE_MERGE, android.telephony.ims.ImsReasonInfo.CODE_LOCAL_POWER_OFF, android.telephony.ims.ImsReasonInfo.CODE_LOCAL_LOW_BATTERY, android.telephony.ims.ImsReasonInfo.CODE_LOCAL_NETWORK_NO_SERVICE, android.telephony.ims.ImsReasonInfo.CODE_LOCAL_NETWORK_NO_LTE_COVERAGE, android.telephony.ims.ImsReasonInfo.CODE_LOCAL_NETWORK_ROAMING, android.telephony.ims.ImsReasonInfo.CODE_LOCAL_NETWORK_IP_CHANGED, android.telephony.ims.ImsReasonInfo.CODE_LOCAL_SERVICE_UNAVAILABLE, android.telephony.ims.ImsReasonInfo.CODE_LOCAL_NOT_REGISTERED, android.telephony.ims.ImsReasonInfo.CODE_LOCAL_CALL_EXCEEDED, android.telephony.ims.ImsReasonInfo.CODE_LOCAL_CALL_BUSY, android.telephony.ims.ImsReasonInfo.CODE_LOCAL_CALL_DECLINE, android.telephony.ims.ImsReasonInfo.CODE_LOCAL_CALL_VCC_ON_PROGRESSING, android.telephony.ims.ImsReasonInfo.CODE_LOCAL_CALL_RESOURCE_RESERVATION_FAILED, android.telephony.ims.ImsReasonInfo.CODE_LOCAL_CALL_CS_RETRY_REQUIRED, android.telephony.ims.ImsReasonInfo.CODE_LOCAL_CALL_VOLTE_RETRY_REQUIRED, android.telephony.ims.ImsReasonInfo.CODE_LOCAL_CALL_TERMINATED, android.telephony.ims.ImsReasonInfo.CODE_LOCAL_HO_NOT_FEASIBLE, android.telephony.ims.ImsReasonInfo.CODE_TIMEOUT_1XX_WAITING, android.telephony.ims.ImsReasonInfo.CODE_TIMEOUT_NO_ANSWER, android.telephony.ims.ImsReasonInfo.CODE_TIMEOUT_NO_ANSWER_CALL_UPDATE, android.telephony.ims.ImsReasonInfo.CODE_CALL_BARRED, android.telephony.ims.ImsReasonInfo.CODE_FDN_BLOCKED, android.telephony.ims.ImsReasonInfo.CODE_IMEI_NOT_ACCEPTED, android.telephony.ims.ImsReasonInfo.CODE_DIAL_MODIFIED_TO_USSD, android.telephony.ims.ImsReasonInfo.CODE_DIAL_MODIFIED_TO_SS, android.telephony.ims.ImsReasonInfo.CODE_DIAL_MODIFIED_TO_DIAL, android.telephony.ims.ImsReasonInfo.CODE_DIAL_MODIFIED_TO_DIAL_VIDEO, android.telephony.ims.ImsReasonInfo.CODE_DIAL_VIDEO_MODIFIED_TO_DIAL, android.telephony.ims.ImsReasonInfo.CODE_DIAL_VIDEO_MODIFIED_TO_DIAL_VIDEO, android.telephony.ims.ImsReasonInfo.CODE_DIAL_VIDEO_MODIFIED_TO_SS, android.telephony.ims.ImsReasonInfo.CODE_DIAL_VIDEO_MODIFIED_TO_USSD, android.telephony.ims.ImsReasonInfo.CODE_SIP_REDIRECTED, android.telephony.ims.ImsReasonInfo.CODE_SIP_BAD_REQUEST, android.telephony.ims.ImsReasonInfo.CODE_SIP_FORBIDDEN, android.telephony.ims.ImsReasonInfo.CODE_SIP_NOT_FOUND, android.telephony.ims.ImsReasonInfo.CODE_SIP_NOT_SUPPORTED, android.telephony.ims.ImsReasonInfo.CODE_SIP_REQUEST_TIMEOUT, android.telephony.ims.ImsReasonInfo.CODE_SIP_TEMPRARILY_UNAVAILABLE, android.telephony.ims.ImsReasonInfo.CODE_SIP_BAD_ADDRESS, android.telephony.ims.ImsReasonInfo.CODE_SIP_BUSY, android.telephony.ims.ImsReasonInfo.CODE_SIP_REQUEST_CANCELLED, android.telephony.ims.ImsReasonInfo.CODE_SIP_NOT_ACCEPTABLE, android.telephony.ims.ImsReasonInfo.CODE_SIP_NOT_REACHABLE, android.telephony.ims.ImsReasonInfo.CODE_SIP_CLIENT_ERROR, android.telephony.ims.ImsReasonInfo.CODE_SIP_TRANSACTION_DOES_NOT_EXIST, android.telephony.ims.ImsReasonInfo.CODE_SIP_SERVER_INTERNAL_ERROR, android.telephony.ims.ImsReasonInfo.CODE_SIP_SERVICE_UNAVAILABLE, android.telephony.ims.ImsReasonInfo.CODE_SIP_SERVER_TIMEOUT, android.telephony.ims.ImsReasonInfo.CODE_SIP_SERVER_ERROR, android.telephony.ims.ImsReasonInfo.CODE_SIP_USER_REJECTED, android.telephony.ims.ImsReasonInfo.CODE_SIP_GLOBAL_ERROR, android.telephony.ims.ImsReasonInfo.CODE_EMERGENCY_TEMP_FAILURE, android.telephony.ims.ImsReasonInfo.CODE_EMERGENCY_PERM_FAILURE, android.telephony.ims.ImsReasonInfo.CODE_SIP_USER_MARKED_UNWANTED, android.telephony.ims.ImsReasonInfo.CODE_SIP_METHOD_NOT_ALLOWED, android.telephony.ims.ImsReasonInfo.CODE_SIP_PROXY_AUTHENTICATION_REQUIRED, android.telephony.ims.ImsReasonInfo.CODE_SIP_REQUEST_ENTITY_TOO_LARGE, android.telephony.ims.ImsReasonInfo.CODE_SIP_REQUEST_URI_TOO_LARGE, android.telephony.ims.ImsReasonInfo.CODE_SIP_EXTENSION_REQUIRED, android.telephony.ims.ImsReasonInfo.CODE_SIP_INTERVAL_TOO_BRIEF, android.telephony.ims.ImsReasonInfo.CODE_SIP_CALL_OR_TRANS_DOES_NOT_EXIST, android.telephony.ims.ImsReasonInfo.CODE_SIP_LOOP_DETECTED, android.telephony.ims.ImsReasonInfo.CODE_SIP_TOO_MANY_HOPS, android.telephony.ims.ImsReasonInfo.CODE_SIP_AMBIGUOUS, android.telephony.ims.ImsReasonInfo.CODE_SIP_REQUEST_PENDING, android.telephony.ims.ImsReasonInfo.CODE_SIP_UNDECIPHERABLE, android.telephony.ims.ImsReasonInfo.CODE_MEDIA_INIT_FAILED, android.telephony.ims.ImsReasonInfo.CODE_MEDIA_NO_DATA, android.telephony.ims.ImsReasonInfo.CODE_MEDIA_NOT_ACCEPTABLE, android.telephony.ims.ImsReasonInfo.CODE_MEDIA_UNSPECIFIED, android.telephony.ims.ImsReasonInfo.CODE_USER_TERMINATED, android.telephony.ims.ImsReasonInfo.CODE_USER_NOANSWER, android.telephony.ims.ImsReasonInfo.CODE_USER_IGNORE, android.telephony.ims.ImsReasonInfo.CODE_USER_DECLINE, android.telephony.ims.ImsReasonInfo.CODE_LOW_BATTERY, android.telephony.ims.ImsReasonInfo.CODE_BLACKLISTED_CALL_ID, android.telephony.ims.ImsReasonInfo.CODE_USER_TERMINATED_BY_REMOTE, android.telephony.ims.ImsReasonInfo.CODE_USER_REJECTED_SESSION_MODIFICATION, android.telephony.ims.ImsReasonInfo.CODE_USER_CANCELLED_SESSION_MODIFICATION, android.telephony.ims.ImsReasonInfo.CODE_SESSION_MODIFICATION_FAILED, android.telephony.ims.ImsReasonInfo.CODE_UT_NOT_SUPPORTED, android.telephony.ims.ImsReasonInfo.CODE_UT_SERVICE_UNAVAILABLE, android.telephony.ims.ImsReasonInfo.CODE_UT_OPERATION_NOT_ALLOWED, android.telephony.ims.ImsReasonInfo.CODE_UT_NETWORK_ERROR, android.telephony.ims.ImsReasonInfo.CODE_UT_CB_PASSWORD_MISMATCH, android.telephony.ims.ImsReasonInfo.CODE_UT_SS_MODIFIED_TO_DIAL, android.telephony.ims.ImsReasonInfo.CODE_UT_SS_MODIFIED_TO_USSD, android.telephony.ims.ImsReasonInfo.CODE_UT_SS_MODIFIED_TO_SS, android.telephony.ims.ImsReasonInfo.CODE_UT_SS_MODIFIED_TO_DIAL_VIDEO, android.telephony.ims.ImsReasonInfo.CODE_ECBM_NOT_SUPPORTED, android.telephony.ims.ImsReasonInfo.CODE_MULTIENDPOINT_NOT_SUPPORTED, android.telephony.ims.ImsReasonInfo.CODE_REGISTRATION_ERROR, android.telephony.ims.ImsReasonInfo.CODE_ANSWERED_ELSEWHERE, android.telephony.ims.ImsReasonInfo.CODE_CALL_PULL_OUT_OF_SYNC, android.telephony.ims.ImsReasonInfo.CODE_CALL_END_CAUSE_CALL_PULL, android.telephony.ims.ImsReasonInfo.CODE_CALL_DROP_IWLAN_TO_LTE_UNAVAILABLE, android.telephony.ims.ImsReasonInfo.CODE_REJECTED_ELSEWHERE, android.telephony.ims.ImsReasonInfo.CODE_SUPP_SVC_FAILED, android.telephony.ims.ImsReasonInfo.CODE_SUPP_SVC_CANCELLED, android.telephony.ims.ImsReasonInfo.CODE_SUPP_SVC_REINVITE_COLLISION, android.telephony.ims.ImsReasonInfo.CODE_IWLAN_DPD_FAILURE, android.telephony.ims.ImsReasonInfo.CODE_EPDG_TUNNEL_ESTABLISH_FAILURE, android.telephony.ims.ImsReasonInfo.CODE_EPDG_TUNNEL_REKEY_FAILURE, android.telephony.ims.ImsReasonInfo.CODE_EPDG_TUNNEL_LOST_CONNECTION, android.telephony.ims.ImsReasonInfo.CODE_MAXIMUM_NUMBER_OF_CALLS_REACHED, android.telephony.ims.ImsReasonInfo.CODE_REMOTE_CALL_DECLINE, android.telephony.ims.ImsReasonInfo.CODE_DATA_LIMIT_REACHED, android.telephony.ims.ImsReasonInfo.CODE_DATA_DISABLED, android.telephony.ims.ImsReasonInfo.CODE_WIFI_LOST, android.telephony.ims.ImsReasonInfo.CODE_IKEV2_AUTH_FAILURE, android.telephony.ims.ImsReasonInfo.CODE_RADIO_OFF, android.telephony.ims.ImsReasonInfo.CODE_NO_VALID_SIM, android.telephony.ims.ImsReasonInfo.CODE_RADIO_INTERNAL_ERROR, android.telephony.ims.ImsReasonInfo.CODE_NETWORK_RESP_TIMEOUT, android.telephony.ims.ImsReasonInfo.CODE_NETWORK_REJECT, android.telephony.ims.ImsReasonInfo.CODE_RADIO_ACCESS_FAILURE, android.telephony.ims.ImsReasonInfo.CODE_RADIO_LINK_FAILURE, android.telephony.ims.ImsReasonInfo.CODE_RADIO_LINK_LOST, android.telephony.ims.ImsReasonInfo.CODE_RADIO_UPLINK_FAILURE, android.telephony.ims.ImsReasonInfo.CODE_RADIO_SETUP_FAILURE, android.telephony.ims.ImsReasonInfo.CODE_RADIO_RELEASE_NORMAL, android.telephony.ims.ImsReasonInfo.CODE_RADIO_RELEASE_ABNORMAL, android.telephony.ims.ImsReasonInfo.CODE_ACCESS_CLASS_BLOCKED, android.telephony.ims.ImsReasonInfo.CODE_NETWORK_DETACH, android.telephony.ims.ImsReasonInfo.CODE_SIP_ALTERNATE_EMERGENCY_CALL, android.telephony.ims.ImsReasonInfo.CODE_NO_CSFB_IN_CS_ROAM, android.telephony.ims.ImsReasonInfo.CODE_REJECT_UNKNOWN, android.telephony.ims.ImsReasonInfo.CODE_REJECT_ONGOING_CALL_WAITING_DISABLED, android.telephony.ims.ImsReasonInfo.CODE_REJECT_CALL_ON_OTHER_SUB, android.telephony.ims.ImsReasonInfo.CODE_REJECT_1X_COLLISION, android.telephony.ims.ImsReasonInfo.CODE_REJECT_SERVICE_NOT_REGISTERED, android.telephony.ims.ImsReasonInfo.CODE_REJECT_CALL_TYPE_NOT_ALLOWED, android.telephony.ims.ImsReasonInfo.CODE_REJECT_ONGOING_E911_CALL, android.telephony.ims.ImsReasonInfo.CODE_REJECT_ONGOING_CALL_SETUP, android.telephony.ims.ImsReasonInfo.CODE_REJECT_MAX_CALL_LIMIT_REACHED, android.telephony.ims.ImsReasonInfo.CODE_REJECT_UNSUPPORTED_SIP_HEADERS, android.telephony.ims.ImsReasonInfo.CODE_REJECT_UNSUPPORTED_SDP_HEADERS, android.telephony.ims.ImsReasonInfo.CODE_REJECT_ONGOING_CALL_TRANSFER, android.telephony.ims.ImsReasonInfo.CODE_REJECT_INTERNAL_ERROR, android.telephony.ims.ImsReasonInfo.CODE_REJECT_QOS_FAILURE, android.telephony.ims.ImsReasonInfo.CODE_REJECT_ONGOING_HANDOVER, android.telephony.ims.ImsReasonInfo.CODE_REJECT_VT_TTY_NOT_ALLOWED, android.telephony.ims.ImsReasonInfo.CODE_REJECT_ONGOING_CALL_UPGRADE, android.telephony.ims.ImsReasonInfo.CODE_REJECT_CONFERENCE_TTY_NOT_ALLOWED, android.telephony.ims.ImsReasonInfo.CODE_REJECT_ONGOING_CONFERENCE_CALL, android.telephony.ims.ImsReasonInfo.CODE_REJECT_VT_AVPF_NOT_ALLOWED, android.telephony.ims.ImsReasonInfo.CODE_REJECT_ONGOING_ENCRYPTED_CALL, android.telephony.ims.ImsReasonInfo.CODE_REJECT_ONGOING_CS_CALL, android.telephony.ims.ImsReasonInfo.CODE_NETWORK_CONGESTION, android.telephony.ims.ImsReasonInfo.CODE_OEM_CAUSE_1, android.telephony.ims.ImsReasonInfo.CODE_OEM_CAUSE_2, android.telephony.ims.ImsReasonInfo.CODE_OEM_CAUSE_3, android.telephony.ims.ImsReasonInfo.CODE_OEM_CAUSE_4, android.telephony.ims.ImsReasonInfo.CODE_OEM_CAUSE_5, android.telephony.ims.ImsReasonInfo.CODE_OEM_CAUSE_6, android.telephony.ims.ImsReasonInfo.CODE_OEM_CAUSE_7, android.telephony.ims.ImsReasonInfo.CODE_OEM_CAUSE_8, android.telephony.ims.ImsReasonInfo.CODE_OEM_CAUSE_9, android.telephony.ims.ImsReasonInfo.CODE_OEM_CAUSE_10, android.telephony.ims.ImsReasonInfo.CODE_OEM_CAUSE_11, android.telephony.ims.ImsReasonInfo.CODE_OEM_CAUSE_12, android.telephony.ims.ImsReasonInfo.CODE_OEM_CAUSE_13, android.telephony.ims.ImsReasonInfo.CODE_OEM_CAUSE_14, android.telephony.ims.ImsReasonInfo.CODE_OEM_CAUSE_15}" />
    </annotation>
  </item>
  <item name="android.telephony.ims.ImsRegistrationAttributes int getAttributeFlags()">
    <annotation name="androidx.annotation.IntDef">
      <val name="value" val="{android.telephony.ims.ImsRegistrationAttributes.ATTR_EPDG_OVER_CELL_INTERNET}" />
      <val name="flag" val="true" />
    </annotation>
  </item>
  <item name="android.telephony.ims.ImsRegistrationAttributes int getTransportType()">
    <annotation name="androidx.annotation.IntDef">
      <val name="value" val="{android.telephony.AccessNetworkConstants.TRANSPORT_TYPE_WWAN, android.telephony.AccessNetworkConstants.TRANSPORT_TYPE_WLAN}" />
    </annotation>
  </item>
  <item name="android.telephony.ims.RcsUceAdapter boolean isUceSettingEnabled()">
    <annotation name="androidx.annotation.RequiresPermission">
      <val name="value" val="&quot;android.permission.READ_PHONE_STATE&quot;" />
    </annotation>
  </item>
  <item name="android.telephony.ims.RegistrationManager void getRegistrationState(java.util.concurrent.Executor, java.util.function.Consumer<java.lang.Integer>)">
    <annotation name="androidx.annotation.RequiresPermission">
      <val name="value" val="&quot;android.permission.READ_PRIVILEGED_PHONE_STATE&quot;" />
    </annotation>
  </item>
  <item name="android.telephony.ims.RegistrationManager void getRegistrationState(java.util.concurrent.Executor, java.util.function.Consumer<java.lang.Integer>) 1">
    <annotation name="androidx.annotation.IntDef">
      <val name="value" val="{android.telephony.ims.RegistrationManager.REGISTRATION_STATE_NOT_REGISTERED, android.telephony.ims.RegistrationManager.REGISTRATION_STATE_REGISTERING, android.telephony.ims.RegistrationManager.REGISTRATION_STATE_REGISTERED}" />
    </annotation>
  </item>
  <item name="android.telephony.ims.RegistrationManager void getRegistrationTransportType(java.util.concurrent.Executor, java.util.function.Consumer<java.lang.Integer>)">
    <annotation name="androidx.annotation.RequiresPermission">
      <val name="value" val="&quot;android.permission.READ_PRIVILEGED_PHONE_STATE&quot;" />
    </annotation>
  </item>
  <item name="android.telephony.ims.RegistrationManager void getRegistrationTransportType(java.util.concurrent.Executor, java.util.function.Consumer<java.lang.Integer>) 1">
    <annotation name="androidx.annotation.IntDef">
      <val name="value" val="{android.telephony.AccessNetworkConstants.TRANSPORT_TYPE_WWAN, android.telephony.AccessNetworkConstants.TRANSPORT_TYPE_WLAN}" />
    </annotation>
  </item>
  <item name="android.telephony.ims.RegistrationManager void registerImsRegistrationCallback(java.util.concurrent.Executor, android.telephony.ims.RegistrationManager.RegistrationCallback)">
    <annotation name="androidx.annotation.RequiresPermission">
      <val name="value" val="&quot;android.permission.READ_PRIVILEGED_PHONE_STATE&quot;" />
    </annotation>
  </item>
  <item name="android.telephony.ims.RegistrationManager void unregisterImsRegistrationCallback(android.telephony.ims.RegistrationManager.RegistrationCallback)">
    <annotation name="androidx.annotation.RequiresPermission">
      <val name="value" val="&quot;android.permission.READ_PRIVILEGED_PHONE_STATE&quot;" />
    </annotation>
  </item>
  <item name="android.telephony.ims.RegistrationManager.RegistrationCallback void onRegistered(int) 0">
    <annotation name="androidx.annotation.IntDef">
      <val name="value" val="{android.telephony.AccessNetworkConstants.TRANSPORT_TYPE_WWAN, android.telephony.AccessNetworkConstants.TRANSPORT_TYPE_WLAN}" />
    </annotation>
  </item>
  <item name="android.telephony.ims.RegistrationManager.RegistrationCallback void onRegistering(int) 0">
    <annotation name="androidx.annotation.IntDef">
      <val name="value" val="{android.telephony.AccessNetworkConstants.TRANSPORT_TYPE_WWAN, android.telephony.AccessNetworkConstants.TRANSPORT_TYPE_WLAN}" />
    </annotation>
  </item>
  <item name="android.telephony.ims.RegistrationManager.RegistrationCallback void onTechnologyChangeFailed(int, android.telephony.ims.ImsReasonInfo) 0">
    <annotation name="androidx.annotation.IntDef">
      <val name="value" val="{android.telephony.AccessNetworkConstants.TRANSPORT_TYPE_WWAN, android.telephony.AccessNetworkConstants.TRANSPORT_TYPE_WLAN}" />
    </annotation>
  </item>
</root>

