<?xml version="1.0" encoding="UTF-8"?>
<root>
  <item name="android.hardware.display.DeviceProductInfo DeviceProductInfo(java.lang.String, java.lang.String, java.lang.String, int, int) 3">
    <annotation name="androidx.annotation.IntRange">
      <val name="from" val="1990" />
    </annotation>
  </item>
  <item name="android.hardware.display.DeviceProductInfo DeviceProductInfo(java.lang.String, java.lang.String, java.lang.String, int, int) 4">
    <annotation name="androidx.annotation.IntDef">
      <val name="value" val="{android.hardware.display.DeviceProductInfo.CONNECTION_TO_SINK_UNKNOWN, android.hardware.display.DeviceProductInfo.CONNECTION_TO_SINK_BUILT_IN, android.hardware.display.DeviceProductInfo.CONNECTION_TO_SINK_DIRECT, android.hardware.display.DeviceProductInfo.CONNECTION_TO_SINK_TRANSITIVE}" />
    </annotation>
  </item>
  <item name="android.hardware.display.DeviceProductInfo int getConnectionToSinkType()">
    <annotation name="androidx.annotation.IntDef">
      <val name="value" val="{android.hardware.display.DeviceProductInfo.CONNECTION_TO_SINK_UNKNOWN, android.hardware.display.DeviceProductInfo.CONNECTION_TO_SINK_BUILT_IN, android.hardware.display.DeviceProductInfo.CONNECTION_TO_SINK_DIRECT, android.hardware.display.DeviceProductInfo.CONNECTION_TO_SINK_TRANSITIVE}" />
    </annotation>
  </item>
  <item name="android.hardware.display.DeviceProductInfo int getManufactureWeek()">
    <annotation name="androidx.annotation.IntRange">
      <val name="from" val="-1" />
      <val name="to" val="53" />
    </annotation>
  </item>
  <item name="android.hardware.display.DeviceProductInfo int getManufactureYear()">
    <annotation name="androidx.annotation.IntRange">
      <val name="from" val="-1" />
    </annotation>
  </item>
  <item name="android.hardware.display.DeviceProductInfo int getModelYear()">
    <annotation name="androidx.annotation.IntRange">
      <val name="from" val="-1" />
    </annotation>
  </item>
  <item name="android.hardware.display.DisplayManager int getMatchContentFrameRateUserPreference()">
    <annotation name="androidx.annotation.IntDef">
      <val name="value" val="{android.hardware.display.DisplayManager.MATCH_CONTENT_FRAMERATE_UNKNOWN, android.hardware.display.DisplayManager.MATCH_CONTENT_FRAMERATE_NEVER, android.hardware.display.DisplayManager.MATCH_CONTENT_FRAMERATE_SEAMLESSS_ONLY, android.hardware.display.DisplayManager.MATCH_CONTENT_FRAMERATE_ALWAYS}" />
    </annotation>
  </item>
</root>

