{
  "minSdkVersion": 21.0,
  "moduleType": "android_application",
  "viewBindingEnabled": true,
  "extractApks": false,
  "bundle_enableUncompressedNativeLibs": false,
  "libraries": "[{\"declaration\":\"androidx.customview:customview:1.1.0\",\"sourceFile\":\"/storage/emulated/0/Android/data/com.tyron.code/files/cache/google-maven/androidx/customview/customview/1.1.0/customview-1.1.0.aar\"},{\"declaration\":\"androidx.arch.core:core-runtime:2.1.0\",\"sourceFile\":\"/storage/emulated/0/Android/data/com.tyron.code/files/cache/google-maven/androidx/arch/core/core-runtime/2.1.0/core-runtime-2.1.0.aar\"},{\"declaration\":\"androidx.lifecycle:lifecycle-livedata:2.0.0\",\"sourceFile\":\"/storage/emulated/0/Android/data/com.tyron.code/files/cache/google-maven/androidx/lifecycle/lifecycle-livedata/2.0.0/lifecycle-livedata-2.0.0.aar\"},{\"declaration\":\"androidx.activity:activity:1.6.0\",\"sourceFile\":\"/storage/emulated/0/Android/data/com.tyron.code/files/cache/google-maven/androidx/activity/activity/1.6.0/activity-1.6.0.aar\"},{\"declaration\":\"androidx.fragment:fragment:1.3.6\",\"sourceFile\":\"/storage/emulated/0/Android/data/com.tyron.code/files/cache/google-maven/androidx/fragment/fragment/1.3.6/fragment-1.3.6.aar\"},{\"declaration\":\"androidx.startup:startup-runtime:1.1.1\",\"sourceFile\":\"/storage/emulated/0/Android/data/com.tyron.code/files/cache/google-maven/androidx/startup/startup-runtime/1.1.1/startup-runtime-1.1.1.aar\"},{\"declaration\":\"androidx.concurrent:concurrent-futures:1.0.0\",\"sourceFile\":\"/storage/emulated/0/Android/data/com.tyron.code/files/cache/google-maven/androidx/concurrent/concurrent-futures/1.0.0/concurrent-futures-1.0.0.jar\"},{\"declaration\":\"androidx.lifecycle:lifecycle-viewmodel-savedstate:2.5.1\",\"sourceFile\":\"/storage/emulated/0/Android/data/com.tyron.code/files/cache/google-maven/androidx/lifecycle/lifecycle-viewmodel-savedstate/2.5.1/lifecycle-viewmodel-savedstate-2.5.1.aar\"},{\"declaration\":\"org.jetbrains.kotlin:kotlin-stdlib-jdk7:1.6.0\",\"sourceFile\":\"/storage/emulated/0/Android/data/com.tyron.code/files/cache/maven/org/jetbrains/kotlin/kotlin-stdlib-jdk7/1.6.0/kotlin-stdlib-jdk7-1.6.0.jar\"},{\"declaration\":\"androidx.appcompat:appcompat-resources:1.7.0-alpha01\",\"sourceFile\":\"/storage/emulated/0/Android/data/com.tyron.code/files/cache/google-maven/androidx/appcompat/appcompat-resources/1.7.0-alpha01/appcompat-resources-1.7.0-alpha01.aar\"},{\"declaration\":\"androidx.constraintlayout:constraintlayout:2.2.0-alpha05\",\"sourceFile\":\"/storage/emulated/0/Android/data/com.tyron.code/files/cache/google-maven/androidx/constraintlayout/constraintlayout/2.2.0-alpha05/constraintlayout-2.2.0-alpha05.aar\"},{\"declaration\":\"androidx.core:core:1.9.0\",\"sourceFile\":\"/storage/emulated/0/Android/data/com.tyron.code/files/cache/google-maven/androidx/core/core/1.9.0/core-1.9.0.aar\"},{\"declaration\":\"org.jetbrains.kotlin:kotlin-stdlib-common:1.7.10\",\"sourceFile\":\"/storage/emulated/0/Android/data/com.tyron.code/files/cache/maven/org/jetbrains/kotlin/kotlin-stdlib-common/1.7.10/kotlin-stdlib-common-1.7.10.jar\"},{\"declaration\":\"androidx.interpolator:interpolator:1.0.0\",\"sourceFile\":\"/storage/emulated/0/Android/data/com.tyron.code/files/cache/google-maven/androidx/interpolator/interpolator/1.0.0/interpolator-1.0.0.aar\"},{\"declaration\":\"androidx.viewpager:viewpager:1.0.0\",\"sourceFile\":\"/storage/emulated/0/Android/data/com.tyron.code/files/cache/google-maven/androidx/viewpager/viewpager/1.0.0/viewpager-1.0.0.aar\"},{\"declaration\":\"androidx.lifecycle:lifecycle-common:2.5.1\",\"sourceFile\":\"/storage/emulated/0/Android/data/com.tyron.code/files/cache/google-maven/androidx/lifecycle/lifecycle-common/2.5.1/lifecycle-common-2.5.1.jar\"},{\"declaration\":\"androidx.emoji2:emoji2:1.2.0\",\"sourceFile\":\"/storage/emulated/0/Android/data/com.tyron.code/files/cache/google-maven/androidx/emoji2/emoji2/1.2.0/emoji2-1.2.0.aar\"},{\"declaration\":\"androidx.appcompat:appcompat:1.7.0-alpha01\",\"sourceFile\":\"/storage/emulated/0/Android/data/com.tyron.code/files/cache/google-maven/androidx/appcompat/appcompat/1.7.0-alpha01/appcompat-1.7.0-alpha01.aar\"},{\"declaration\":\"androidx.drawerlayout:drawerlayout:1.1.1\",\"sourceFile\":\"/storage/emulated/0/Android/data/com.tyron.code/files/cache/google-maven/androidx/drawerlayout/drawerlayout/1.1.1/drawerlayout-1.1.1.aar\"},{\"declaration\":\"androidx.savedstate:savedstate:1.2.0\",\"sourceFile\":\"/storage/emulated/0/Android/data/com.tyron.code/files/cache/google-maven/androidx/savedstate/savedstate/1.2.0/savedstate-1.2.0.aar\"},{\"declaration\":\"androidx.legacy:legacy-support-core-ui:1.0.0\",\"sourceFile\":\"/storage/emulated/0/Android/data/com.tyron.code/files/cache/google-maven/androidx/legacy/legacy-support-core-ui/1.0.0/legacy-support-core-ui-1.0.0.aar\"},{\"declaration\":\"androidx.transition:transition:1.2.0\",\"sourceFile\":\"/storage/emulated/0/Android/data/com.tyron.code/files/cache/google-maven/androidx/transition/transition/1.2.0/transition-1.2.0.aar\"},{\"declaration\":\"androidx.collection:collection:1.1.0\",\"sourceFile\":\"/storage/emulated/0/Android/data/com.tyron.code/files/cache/google-maven/androidx/collection/collection/1.1.0/collection-1.1.0.jar\"},{\"declaration\":\"androidx.core:core-ktx:1.8.0\",\"sourceFile\":\"/storage/emulated/0/Android/data/com.tyron.code/files/cache/google-maven/androidx/core/core-ktx/1.8.0/core-ktx-1.8.0.aar\"},{\"declaration\":\"androidx.dynamicanimation:dynamicanimation:1.0.0\",\"sourceFile\":\"/storage/emulated/0/Android/data/com.tyron.code/files/cache/google-maven/androidx/dynamicanimation/dynamicanimation/1.0.0/dynamicanimation-1.0.0.aar\"},{\"declaration\":\"androidx.recyclerview:recyclerview:1.1.0\",\"sourceFile\":\"/storage/emulated/0/Android/data/com.tyron.code/files/cache/google-maven/androidx/recyclerview/recyclerview/1.1.0/recyclerview-1.1.0.aar\"},{\"declaration\":\"androidx.loader:loader:1.0.0\",\"sourceFile\":\"/storage/emulated/0/Android/data/com.tyron.code/files/cache/google-maven/androidx/loader/loader/1.0.0/loader-1.0.0.aar\"},{\"declaration\":\"androidx.vectordrawable:vectordrawable-animated:1.1.0\",\"sourceFile\":\"/storage/emulated/0/Android/data/com.tyron.code/files/cache/google-maven/androidx/vectordrawable/vectordrawable-animated/1.1.0/vectordrawable-animated-1.1.0.aar\"},{\"declaration\":\"org.jetbrains.kotlin:kotlin-stdlib-jdk8:1.6.0\",\"sourceFile\":\"/storage/emulated/0/Android/data/com.tyron.code/files/cache/maven/org/jetbrains/kotlin/kotlin-stdlib-jdk8/1.6.0/kotlin-stdlib-jdk8-1.6.0.jar\"},{\"declaration\":\"com.google.errorprone:error_prone_annotations:2.15.0\",\"sourceFile\":\"/storage/emulated/0/Android/data/com.tyron.code/files/cache/maven/com/google/errorprone/error_prone_annotations/2.15.0/error_prone_annotations-2.15.0.jar\"},{\"declaration\":\"androidx.lifecycle:lifecycle-runtime:2.5.1\",\"sourceFile\":\"/storage/emulated/0/Android/data/com.tyron.code/files/cache/google-maven/androidx/lifecycle/lifecycle-runtime/2.5.1/lifecycle-runtime-2.5.1.aar\"},{\"declaration\":\"androidx.lifecycle:lifecycle-livedata-core:2.5.1\",\"sourceFile\":\"/storage/emulated/0/Android/data/com.tyron.code/files/cache/google-maven/androidx/lifecycle/lifecycle-livedata-core/2.5.1/lifecycle-livedata-core-2.5.1.aar\"},{\"declaration\":\"androidx.legacy:legacy-support-core-utils:1.0.0\",\"sourceFile\":\"/storage/emulated/0/Android/data/com.tyron.code/files/cache/google-maven/androidx/legacy/legacy-support-core-utils/1.0.0/legacy-support-core-utils-1.0.0.aar\"},{\"declaration\":\"androidx.constraintlayout:constraintlayout-core:1.1.0-alpha05\",\"sourceFile\":\"/storage/emulated/0/Android/data/com.tyron.code/files/cache/google-maven/androidx/constraintlayout/constraintlayout-core/1.1.0-alpha05/constraintlayout-core-1.1.0-alpha05.jar\"},{\"declaration\":\"androidx.slidingpanelayout:slidingpanelayout:1.0.0\",\"sourceFile\":\"/storage/emulated/0/Android/data/com.tyron.code/files/cache/google-maven/androidx/slidingpanelayout/slidingpanelayout/1.0.0/slidingpanelayout-1.0.0.aar\"},{\"declaration\":\"androidx.asynclayoutinflater:asynclayoutinflater:1.0.0\",\"sourceFile\":\"/storage/emulated/0/Android/data/com.tyron.code/files/cache/google-maven/androidx/asynclayoutinflater/asynclayoutinflater/1.0.0/asynclayoutinflater-1.0.0.aar\"},{\"declaration\":\"androidx.coordinatorlayout:coordinatorlayout:1.1.0\",\"sourceFile\":\"/storage/emulated/0/Android/data/com.tyron.code/files/cache/google-maven/androidx/coordinatorlayout/coordinatorlayout/1.1.0/coordinatorlayout-1.1.0.aar\"},{\"declaration\":\"androidx.resourceinspection:resourceinspection-annotation:1.0.1\",\"sourceFile\":\"/storage/emulated/0/Android/data/com.tyron.code/files/cache/google-maven/androidx/resourceinspection/resourceinspection-annotation/1.0.1/resourceinspection-annotation-1.0.1.jar\"},{\"declaration\":\"androidx.cardview:cardview:1.0.0\",\"sourceFile\":\"/storage/emulated/0/Android/data/com.tyron.code/files/cache/google-maven/androidx/cardview/cardview/1.0.0/cardview-1.0.0.aar\"},{\"declaration\":\"androidx.constraintlayout:constraintlayout-solver:2.0.1\",\"sourceFile\":\"/storage/emulated/0/Android/data/com.tyron.code/files/cache/google-maven/androidx/constraintlayout/constraintlayout-solver/2.0.1/constraintlayout-solver-2.0.1.jar\"},{\"declaration\":\"androidx.arch.core:core-common:2.1.0\",\"sourceFile\":\"/storage/emulated/0/Android/data/com.tyron.code/files/cache/google-maven/androidx/arch/core/core-common/2.1.0/core-common-2.1.0.jar\"},{\"declaration\":\"androidx.lifecycle:lifecycle-viewmodel:2.5.1\",\"sourceFile\":\"/storage/emulated/0/Android/data/com.tyron.code/files/cache/google-maven/androidx/lifecycle/lifecycle-viewmodel/2.5.1/lifecycle-viewmodel-2.5.1.aar\"},{\"declaration\":\"org.jetbrains.kotlinx:kotlinx-coroutines-android:1.6.1\",\"sourceFile\":\"/storage/emulated/0/Android/data/com.tyron.code/files/cache/maven/org/jetbrains/kotlinx/kotlinx-coroutines-android/1.6.1/kotlinx-coroutines-android-1.6.1.jar\"},{\"declaration\":\"androidx.emoji2:emoji2-views-helper:1.2.0\",\"sourceFile\":\"/storage/emulated/0/Android/data/com.tyron.code/files/cache/google-maven/androidx/emoji2/emoji2-views-helper/1.2.0/emoji2-views-helper-1.2.0.aar\"},{\"declaration\":\"org.jetbrains:annotations:13.0\",\"sourceFile\":\"/storage/emulated/0/Android/data/com.tyron.code/files/cache/maven/org/jetbrains/annotations/13.0/annotations-13.0.jar\"},{\"declaration\":\"androidx.tracing:tracing:1.0.0\",\"sourceFile\":\"/storage/emulated/0/Android/data/com.tyron.code/files/cache/google-maven/androidx/tracing/tracing/1.0.0/tracing-1.0.0.aar\"},{\"declaration\":\"androidx.swiperefreshlayout:swiperefreshlayout:1.0.0\",\"sourceFile\":\"/storage/emulated/0/Android/data/com.tyron.code/files/cache/google-maven/androidx/swiperefreshlayout/swiperefreshlayout/1.0.0/swiperefreshlayout-1.0.0.aar\"},{\"declaration\":\"androidx.lifecycle:lifecycle-process:2.4.1\",\"sourceFile\":\"/storage/emulated/0/Android/data/com.tyron.code/files/cache/google-maven/androidx/lifecycle/lifecycle-process/2.4.1/lifecycle-process-2.4.1.aar\"},{\"declaration\":\"androidx.localbroadcastmanager:localbroadcastmanager:1.0.0\",\"sourceFile\":\"/storage/emulated/0/Android/data/com.tyron.code/files/cache/google-maven/androidx/localbroadcastmanager/localbroadcastmanager/1.0.0/localbroadcastmanager-1.0.0.aar\"},{\"declaration\":\"androidx.documentfile:documentfile:1.0.0\",\"sourceFile\":\"/storage/emulated/0/Android/data/com.tyron.code/files/cache/google-maven/androidx/documentfile/documentfile/1.0.0/documentfile-1.0.0.aar\"},{\"declaration\":\"androidx.vectordrawable:vectordrawable:1.1.0\",\"sourceFile\":\"/storage/emulated/0/Android/data/com.tyron.code/files/cache/google-maven/androidx/vectordrawable/vectordrawable/1.1.0/vectordrawable-1.1.0.aar\"},{\"declaration\":\"com.google.android.material:material:1.8.0-rc01\",\"sourceFile\":\"/storage/emulated/0/Android/data/com.tyron.code/files/cache/google-maven/com/google/android/material/material/1.8.0-rc01/material-1.8.0-rc01.aar\"},{\"declaration\":\"androidx.viewpager2:viewpager2:1.0.0\",\"sourceFile\":\"/storage/emulated/0/Android/data/com.tyron.code/files/cache/google-maven/androidx/viewpager2/viewpager2/1.0.0/viewpager2-1.0.0.aar\"},{\"declaration\":\"androidx.annotation:annotation-experimental:1.3.0\",\"sourceFile\":\"/storage/emulated/0/Android/data/com.tyron.code/files/cache/google-maven/androidx/annotation/annotation-experimental/1.3.0/annotation-experimental-1.3.0.aar\"},{\"declaration\":\"androidx.cursoradapter:cursoradapter:1.0.0\",\"sourceFile\":\"/storage/emulated/0/Android/data/com.tyron.code/files/cache/google-maven/androidx/cursoradapter/cursoradapter/1.0.0/cursoradapter-1.0.0.aar\"},{\"declaration\":\"androidx.print:print:1.0.0\",\"sourceFile\":\"/storage/emulated/0/Android/data/com.tyron.code/files/cache/google-maven/androidx/print/print/1.0.0/print-1.0.0.aar\"},{\"declaration\":\"com.google.guava:listenablefuture:1.0\",\"sourceFile\":\"/storage/emulated/0/Android/data/com.tyron.code/files/cache/maven/com/google/guava/listenablefuture/1.0/listenablefuture-1.0.jar\"},{\"declaration\":\"androidx.databinding:viewbinding:8.1.0-alpha02\",\"sourceFile\":\"/storage/emulated/0/Android/data/com.tyron.code/files/cache/google-maven/androidx/databinding/viewbinding/8.1.0-alpha02/viewbinding-8.1.0-alpha02.aar\"},{\"declaration\":\"org.jetbrains.kotlin:kotlin-stdlib:1.7.10\",\"sourceFile\":\"/storage/emulated/0/Android/data/com.tyron.code/files/cache/maven/org/jetbrains/kotlin/kotlin-stdlib/1.7.10/kotlin-stdlib-1.7.10.jar\"},{\"declaration\":\"org.jetbrains.kotlinx:kotlinx-coroutines-core-jvm:1.6.1\",\"sourceFile\":\"/storage/emulated/0/Android/data/com.tyron.code/files/cache/maven/org/jetbrains/kotlinx/kotlinx-coroutines-core-jvm/1.6.1/kotlinx-coroutines-core-jvm-1.6.1.jar\"},{\"declaration\":\"androidx.annotation:annotation:1.5.0\",\"sourceFile\":\"/storage/emulated/0/Android/data/com.tyron.code/files/cache/google-maven/androidx/annotation/annotation/1.5.0/annotation-1.5.0.jar\"},{\"declaration\":\"androidx.versionedparcelable:versionedparcelable:1.1.1\",\"sourceFile\":\"/storage/emulated/0/Android/data/com.tyron.code/files/cache/google-maven/androidx/versionedparcelable/versionedparcelable/1.1.1/versionedparcelable-1.1.1.aar\"}]",
  "useR8": false,
  "targetSdkVersion": 33.0,
  "versionName": "1.0",
  "versionCode": 1.0,
  "zipAlignEnabled": false
}