[
  {
    "artifactId": "appcompat",
    "excludes": [],
    "groupId": "androidx.appcompat",
    "scope": "compile",
    "versionName": "1.7.0-alpha01"
  },
  {
    "artifactId": "material",
    "excludes": [],
    "groupId": "com.google.android.material",
    "scope": "compile",
    "versionName": "1.8.0-rc01"
  },
  {
    "artifactId": "constraintlayout",
    "excludes": [],
    "groupId": "androidx.constraintlayout",
    "scope": "compile",
    "versionName": "2.2.0-alpha05"
  },
  {
    "artifactId": "viewbinding",
    "excludes": [],
    "groupId": "androidx.databinding",
    "versionName": "8.1.0-alpha02"
  }
]